<?xml version="1.0" encoding="UTF-8"?>
<rss version="2.0" xmlns:ror="http://rorweb.com/0.1/" >
<channel>
  <title>ROR Sitemap for https://mountaineerbr.github.io/</title>
  <link>https://mountaineerbr.github.io/</link>

<item>
     <link>https://mountaineerbr.github.io/</link>
     <title>Biologist Blogger -- Personal Web Page</title>
     <description>Biology, science and UNIX web log</description>
     <ror:updatePeriod></ror:updatePeriod>
     <ror:sortOrder>0</ror:sortOrder>
     <ror:resourceOf>sitemap</ror:resourceOf>
</item>
<item>
     <link>https://mountaineerbr.github.io/blog/</link>
     <title># Post Index -- Biologist Blogger</title>
     <description>Index page for the blog posts</description>
     <ror:updatePeriod></ror:updatePeriod>
     <ror:sortOrder>1</ror:sortOrder>
     <ror:resourceOf>sitemap</ror:resourceOf>
</item>
<item>
     <link>https://mountaineerbr.github.io/sitemap.html</link>
     <title>sitemap</title>
     <description>Site map for visitors</description>
     <ror:updatePeriod></ror:updatePeriod>
     <ror:sortOrder>1</ror:sortOrder>
     <ror:resourceOf>sitemap</ror:resourceOf>
</item>
<item>
     <link>https://mountaineerbr.github.io/blog/8/</link>
     <title>#8 - 13/sep/2020 - Searching for good references, a structure to climb</title>
     <description>Finding good people as references is hard</description>
     <ror:updatePeriod></ror:updatePeriod>
     <ror:sortOrder>1</ror:sortOrder>
     <ror:resourceOf>sitemap</ror:resourceOf>
</item>
<item>
     <link>https://mountaineerbr.github.io/blog/7/</link>
     <title>#7 - 09/sep/2020 - CSS é Legal!</title>
     <description>Having fun with CSS is a great way to dodge hangover</description>
     <ror:updatePeriod></ror:updatePeriod>
     <ror:sortOrder>1</ror:sortOrder>
     <ror:resourceOf>sitemap</ror:resourceOf>
</item>
<item>
     <link>https://mountaineerbr.github.io/blog/6/</link>
     <title>#6 - 07/sep/2020 - More Web Master Resources</title>
     <description>Why is a personal website useful and how to manage it with shell</description>
     <ror:updatePeriod></ror:updatePeriod>
     <ror:sortOrder>1</ror:sortOrder>
     <ror:resourceOf>sitemap</ror:resourceOf>
</item>
<item>
     <link>https://mountaineerbr.github.io/blog/5/</link>
     <title>#5 - 04/sep/2020 - Using Poor Man's Web Master Tools</title>
     <description>Thoughts on web development tools</description>
     <ror:updatePeriod></ror:updatePeriod>
     <ror:sortOrder>1</ror:sortOrder>
     <ror:resourceOf>sitemap</ror:resourceOf>
</item>
<item>
     <link>https://mountaineerbr.github.io/blog/4/</link>
     <title></title>
     <description>Checking Luke Smith's website, got the idea of a Podcast!</description>
     <ror:updatePeriod></ror:updatePeriod>
     <ror:sortOrder>1</ror:sortOrder>
     <ror:resourceOf>sitemap</ror:resourceOf>
</item>
<item>
     <link>https://mountaineerbr.github.io/blog/3/</link>
     <title>#3 - 02/sep/2020 - Blog Design</title>
     <description>Design decisions for personal website</description>
     <ror:updatePeriod></ror:updatePeriod>
     <ror:sortOrder>1</ror:sortOrder>
     <ror:resourceOf>sitemap</ror:resourceOf>
</item>
<item>
     <link>https://mountaineerbr.github.io/blog/2/</link>
     <title></title>
     <description>Wondering how to make a bilingual website</description>
     <ror:updatePeriod></ror:updatePeriod>
     <ror:sortOrder>1</ror:sortOrder>
     <ror:resourceOf>sitemap</ror:resourceOf>
</item>
<item>
     <link>https://mountaineerbr.github.io/blog/1/</link>
     <title>#1 - 28/aug/2020 - Sync an html blog!</title>
     <description>Setting up an html webpage -- First blog post</description>
     <ror:updatePeriod></ror:updatePeriod>
     <ror:sortOrder>1</ror:sortOrder>
     <ror:resourceOf>sitemap</ror:resourceOf>
</item>
<item>
     <link>https://mountaineerbr.github.io/lud.html</link>
     <title>City of Lud Thinny</title>
     <description>Biology, science and UNIX web log</description>
     <ror:updatePeriod></ror:updatePeriod>
     <ror:sortOrder>1</ror:sortOrder>
     <ror:resourceOf>sitemap</ror:resourceOf>
</item>
<item>
     <link>https://mountaineerbr.github.io/about/</link>
     <title>About / Sobre</title>
     <description>Contact me page</description>
     <ror:updatePeriod></ror:updatePeriod>
     <ror:sortOrder>1</ror:sortOrder>
     <ror:resourceOf>sitemap</ror:resourceOf>
</item>
<item>
     <link>https://mountaineerbr.github.io/contact/</link>
     <title>Location</title>
     <description>Contact me page</description>
     <ror:updatePeriod></ror:updatePeriod>
     <ror:sortOrder>1</ror:sortOrder>
     <ror:resourceOf>sitemap</ror:resourceOf>
</item>
<item>
     <link>https://mountaineerbr.github.io/donate/</link>
     <title>Donate Page</title>
     <description>Details for donating to me</description>
     <ror:updatePeriod></ror:updatePeriod>
     <ror:sortOrder>1</ror:sortOrder>
     <ror:resourceOf>sitemap</ror:resourceOf>
</item>
<item>
     <link>https://mountaineerbr.github.io/guestbook/</link>
     <title>Guestbook -- Biologist Blogger</title>
     <description>Guest book of the website, please leave you message to us!</description>
     <ror:updatePeriod></ror:updatePeriod>
     <ror:sortOrder>1</ror:sortOrder>
     <ror:resourceOf>sitemap</ror:resourceOf>
</item>
<item>
     <link>https://mountaineerbr.github.io/faqf.html</link>
     <title>FAQF -- Perguntas Frequentes, Respostas Filosóficas</title>
     <description>Perguntas frequentes</description>
     <ror:updatePeriod></ror:updatePeriod>
     <ror:sortOrder>1</ror:sortOrder>
     <ror:resourceOf>sitemap</ror:resourceOf>
</item>
<item>
     <link>https://mountaineerbr.github.io/blog/cat.html</link>
     <title># All blog posts -- Biologist Blogger</title>
     <description>All blog posts compiled in one page</description>
     <ror:updatePeriod></ror:updatePeriod>
     <ror:sortOrder>2</ror:sortOrder>
     <ror:resourceOf>sitemap</ror:resourceOf>
</item>
<item>
     <link>https://mountaineerbr.github.io/about/index.html</link>
     <title>About / Sobre</title>
     <description>Contact me page</description>
     <ror:updatePeriod></ror:updatePeriod>
     <ror:sortOrder>2</ror:sortOrder>
     <ror:resourceOf>sitemap</ror:resourceOf>
</item>
<item>
     <link>https://mountaineerbr.github.io/blog/1/index.html</link>
     <title>#1 - 28/aug/2020 - Sync an html blog!</title>
     <description>Setting up an html webpage -- First blog post</description>
     <ror:updatePeriod></ror:updatePeriod>
     <ror:sortOrder>2</ror:sortOrder>
     <ror:resourceOf>sitemap</ror:resourceOf>
</item>
<item>
     <link>https://mountaineerbr.github.io/blog/2/index.html</link>
     <title></title>
     <description>Wondering how to make a bilingual website</description>
     <ror:updatePeriod></ror:updatePeriod>
     <ror:sortOrder>2</ror:sortOrder>
     <ror:resourceOf>sitemap</ror:resourceOf>
</item>
<item>
     <link>https://mountaineerbr.github.io/blog/3/index.html</link>
     <title>#3 - 02/sep/2020 - Blog Design</title>
     <description>Design decisions for personal website</description>
     <ror:updatePeriod></ror:updatePeriod>
     <ror:sortOrder>2</ror:sortOrder>
     <ror:resourceOf>sitemap</ror:resourceOf>
</item>
<item>
     <link>https://mountaineerbr.github.io/blog/4/index.html</link>
     <title></title>
     <description>Checking Luke Smith's website, got the idea of a Podcast!</description>
     <ror:updatePeriod></ror:updatePeriod>
     <ror:sortOrder>2</ror:sortOrder>
     <ror:resourceOf>sitemap</ror:resourceOf>
</item>
<item>
     <link>https://mountaineerbr.github.io/blog/5/index.html</link>
     <title>#5 - 04/sep/2020 - Using Poor Man's Web Master Tools</title>
     <description>Thoughts on web development tools</description>
     <ror:updatePeriod></ror:updatePeriod>
     <ror:sortOrder>2</ror:sortOrder>
     <ror:resourceOf>sitemap</ror:resourceOf>
</item>
<item>
     <link>https://mountaineerbr.github.io/blog/6/index.html</link>
     <title>#6 - 07/sep/2020 - More Web Master Resources</title>
     <description>Why is a personal website useful and how to manage it with shell</description>
     <ror:updatePeriod></ror:updatePeriod>
     <ror:sortOrder>2</ror:sortOrder>
     <ror:resourceOf>sitemap</ror:resourceOf>
</item>
<item>
     <link>https://mountaineerbr.github.io/blog/7/index.html</link>
     <title>#7 - 09/sep/2020 - CSS é Legal!</title>
     <description>Having fun with CSS is a great way to dodge hangover</description>
     <ror:updatePeriod></ror:updatePeriod>
     <ror:sortOrder>2</ror:sortOrder>
     <ror:resourceOf>sitemap</ror:resourceOf>
</item>
<item>
     <link>https://mountaineerbr.github.io/blog/8/index.html</link>
     <title>#8 - 13/sep/2020 - Searching for good references, a structure to climb</title>
     <description>Finding good people as references is hard</description>
     <ror:updatePeriod></ror:updatePeriod>
     <ror:sortOrder>2</ror:sortOrder>
     <ror:resourceOf>sitemap</ror:resourceOf>
</item>
<item>
     <link>https://mountaineerbr.github.io/blog/a/</link>
     <title>#8 - 13/sep/2020 - Title</title>
     <description>Blog post</description>
     <ror:updatePeriod></ror:updatePeriod>
     <ror:sortOrder>2</ror:sortOrder>
     <ror:resourceOf>sitemap</ror:resourceOf>
</item>
<item>
     <link>https://mountaineerbr.github.io/blog/a/index.html</link>
     <title>#8 - 13/sep/2020 - Title</title>
     <description>Blog post</description>
     <ror:updatePeriod></ror:updatePeriod>
     <ror:sortOrder>2</ror:sortOrder>
     <ror:resourceOf>sitemap</ror:resourceOf>
</item>
<item>
     <link>https://mountaineerbr.github.io/blog/index.html</link>
     <title># Post Index -- Biologist Blogger</title>
     <description>Index page for the blog posts</description>
     <ror:updatePeriod></ror:updatePeriod>
     <ror:sortOrder>2</ror:sortOrder>
     <ror:resourceOf>sitemap</ror:resourceOf>
</item>
<item>
     <link>https://mountaineerbr.github.io/contact/index.html</link>
     <title>Location</title>
     <description>Contact me page</description>
     <ror:updatePeriod></ror:updatePeriod>
     <ror:sortOrder>2</ror:sortOrder>
     <ror:resourceOf>sitemap</ror:resourceOf>
</item>
<item>
     <link>https://mountaineerbr.github.io/donate/index.html</link>
     <title>Donate Page</title>
     <description>Details for donating to me</description>
     <ror:updatePeriod></ror:updatePeriod>
     <ror:sortOrder>2</ror:sortOrder>
     <ror:resourceOf>sitemap</ror:resourceOf>
</item>
<item>
     <link>https://mountaineerbr.github.io/guestbook/index.html</link>
     <title>Guestbook -- Biologist Blogger</title>
     <description>Guest book of the website, please leave you message to us!</description>
     <ror:updatePeriod></ror:updatePeriod>
     <ror:sortOrder>2</ror:sortOrder>
     <ror:resourceOf>sitemap</ror:resourceOf>
</item>
<item>
     <link>https://mountaineerbr.github.io/index.html</link>
     <title>Biologist Blogger -- Personal Web Page</title>
     <description>Biology, science and UNIX web log</description>
     <ror:updatePeriod></ror:updatePeriod>
     <ror:sortOrder>2</ror:sortOrder>
     <ror:resourceOf>sitemap</ror:resourceOf>
</item>
<item>
     <link>https://mountaineerbr.github.io/blog/res/script5.html</link>
     <title>~/www/mountaineerbr.github.io/sitemap3.sh.html</title>
     <description>~/www/mountaineerbr.github.io/sitemap3.sh.html</description>
     <ror:updatePeriod></ror:updatePeriod>
     <ror:sortOrder>2</ror:sortOrder>
     <ror:resourceOf>sitemap</ror:resourceOf>
</item>
<item>
     <link>https://mountaineerbr.github.io/blog/res/script4.html</link>
     <title>~/www/mountaineerbr.github.io/blog/blog.sh.html</title>
     <description>~/www/mountaineerbr.github.io/blog/blog.sh.html</description>
     <ror:updatePeriod></ror:updatePeriod>
     <ror:sortOrder>2</ror:sortOrder>
     <ror:resourceOf>sitemap</ror:resourceOf>
</item>
<item>
     <link>https://mountaineerbr.github.io/blog/res/script1.txt</link>
     <title></title>
     
     <ror:updatePeriod></ror:updatePeriod>
     <ror:sortOrder>2</ror:sortOrder>
     <ror:resourceOf>sitemap</ror:resourceOf>
</item>
</channel>
</rss>
  